Filename,Title,Artist
... Baby One More Time.mp3,... Baby One More Time,Britney Spears
911 - Bodyshaking.mp3,Bodyshaking,911
911 - Love Sensation.mp3,Love Sensation,911
A Bar Song (Tipsy).mp3,A Bar Song (Tipsy),Shaboozey
A Kind Of Magic.mp3,A Kind Of Magic,Queen
A Sky Full of Stars.mp3,A Sky Full Of Stars,Coldplay
About Damn Time.mp3,About Damn Time,Lizzo
Ace of Base - All That She Wants.mp3,All That She Wants,Ace Of Base
Addicted To Love.mp3,Addicted To Love,Robert Palmer
Adore You.mp3,Adore You,Harry Styles
Africa.mp3,Africa,TOTO
Afroman - Because I Got High.mp3,Because I Got High,Afroman
Against All Odds (Together at Home Mix).mp3,Against All Odds (Together At Home Mix),Phil Collins
Airplanes.mp3,Airplanes,B.o.B/Hayley Williams
Alex Warren - Ordinary.mp3,Ordinary,Alex Warren
All About You.mp3,All About You,McFly
All Around The World (La La La).mp3,All Around The World (La La La),R3HAB
All The Things She Said.mp3,All The Things She Said,Tatu
All You Need Is Love.mp3,All You Need Is Love,The Beatles
All-4-One - I Swear.mp3,I Swear,All-4-One
Always.mp3,Always,Bon Jovi
America.mp3,America,Razorlight
American Idiot.mp3,American Idiot,Green Day
Anxiety.mp3,Anxiety,Doechii
APT..mp3,Apt.,ROSÉ/Bruno Mars
Aqua - Barbie Girl.mp3,Barbie Girl,Aqua
Around the World.mp3,Around The World,Daft Punk
Azizam.mp3,Azizam,Ed Sheeran/Googoosh
Bad Dreams.mp3,Bad Dreams,Teddy Swims
bad guy.mp3,Bad Guy,Billie Eilish
Bad Habits.mp3,Bad Habits,Ed Sheeran
Bad Moon Rising.mp3,Bad Moon Rising,Creedence Clearwater Revival
Bang Bang.mp3,Bang Bang,Ariana Grande/Jessie J/Nicki Minaj
Beautiful Day.mp3,Beautiful Day,U2
Beautiful People.mp3,Beautiful People,Ed Sheeran/Khalid
Beautiful Things.mp3,Beautiful Things,Benson Boone
Believer.mp3,Believer,ImagineDragons
Best of My Love.mp3,Best Of My Love,The Emotions
Billie Jean.mp3,Billie Jean,Michael Jackson
"Bills, Bills, Bills.mp3","Bills, Bills, Bills",Destiny's Child
Billy Ray Cyrus - Achy Breaky Heart.mp3,Achy Breaky Heart,Billy Ray Cyrus
BIRDS OF A FEATHER.mp3,Birds Of A Feather,Billie Eilish
Black Betty.mp3,Black Betty,Spiderbait
Blackstreet - No Diggity.mp3,No Diggity,Blackstreet/Dr. Dre
Blinding Lights.mp3,Blinding Lights,The Weeknd
Blue (Da Ba Dee).mp3,Blue (Da Ba Dee),Eiffel 65
Bob Marley & The Wailers - Three Little Birds.mp3,Three Little Birds,Bob Marley & The Wailers
Bon Jovi - Livin' On A Prayer.mp3,Livin' On A Prayer,Bon Jovi
Boom Boom Boom.mp3,Boom Boom Boom,The Outthere Brothers
Boom! Shake the Room.mp3,Boom! Shake The Room,DJ Jazzy Jeff/The Fresh Prince
Boyzone - All That I Need.mp3,All That I Need,Boyzone
Boyzone - Love Me For A Reason.mp3,Love Me For A Reason,Boyzone
Breathe.mp3,Breathe,The Prodigy
Bring It All Back.mp3,Bring It All Back,S Club 7
Bring Me Joy (Freaks & Geeks Remix).mp3,Bring Me Joy (Freaks & Geeks Remix),Rudimental
Brown Eyed Girl.mp3,Brown Eyed Girl,Van Morrison
Bruce Springsteen - Dancing In the Dark.mp3,Dancing In The Dark,Bruce Springsteen
Buck Rogers.mp3,Buck Rogers,Feeder
Buddy Holly.mp3,Buddy Holly,weezer
Burn Baby Burn.mp3,Burn Baby Burn,Ash
Butterfly.mp3,Butterfly,Crazy Town
By the Way.mp3,By The Way,Red Hot Chili Peppers
Bye Bye Bye.mp3,Bye Bye Bye,*NSYNC
C'est La Vie.mp3,C'Est La Vie,B*Witched Official
Cake By The Ocean.mp3,Cake By The Ocean,DNCE
Call Me Maybe.mp3,Call Me Maybe,Carly Rae Jepsen
Call Me.mp3,Call Me,BlondieMusicOfficial
Call On Me (Ryan Riback Remix).mp3,Call On Me,STARLEY
Calm Down.mp3,Calm Down,Rema/Selena Gomez
Calvin Harris - Feels.mp3,Feels,Calvin Harris/Pharrell Williams/Katy Perry/Big Sean
Can't Hold Us.mp3,Can'T Hold Us,Macklemore/Ray Dalton
Can't Stop.mp3,Can'T Stop,Red Hot Chili Peppers
Cheerleader (Felix Jaehn Remix).mp3,Cheerleader,OMI
Chelsea Dagger.mp3,Chelsea Dagger,The Fratellis
Chesney Hawkes - The One and Only.mp3,The One And Only,Chesney Hawkes
"Christina Aguilera, Lil' Kim, Mya, P!nk - Lady Marmalade.mp3",Lady Marmalade,"Christina Aguilera, Lil' Kim, Mya, P!Nk"
Club Foot.mp3,Club Foot,Kasabian
Cold Heart (PNAU Remix).mp3,Cold Heart (Pnau Remix),Elton John
Come As You Are.mp3,Come As You Are,Nirvana
Come On Eileen.mp3,Come On Eileen,"Dexys Midnight Runners, Kevin Rowland"
Come Together.mp3,Come Together,The Beatles
Come with Me Now.mp3,Come With Me Now,KONGOS
Common People.mp3,Common People,Pulp
Cooler Than Me.mp3,Cooler Than Me,Mike Posner
Cosmic Girl.mp3,Cosmic Girl,Jamiroquai
Cotton Eye Joe.mp3,Cotton Eye Joe,Rednex
Counting Stars.mp3,Counting Stars,OneRepublic
Crazy Little Thing Called Love.mp3,Crazy Little Thing Called Love,Queen
Crazy What Love Can Do.mp3,Crazy What Love Can Do,David Guetta
Crowded House - Don't Dream It's Over.mp3,Don'T Dream It'S Over,Crowded House
Culture Club - Karma Chameleon.mp3,Karma Chameleon,Culture Club
Dakota.mp3,Dakota,Stereophonics
Dancing On The Ceiling.mp3,Dancing On The Ceiling,Lionel Richie
David Bowie & Mick Jagger - Dancing In The Street.mp3,Dancing In The Street,David Bowie/Mick Jagger
"December, 1963 (Oh, What a Night).mp3","December, 1963 (Oh, What A Night)",Frankie Valli and the Four Seasons
Disco 2000.mp3,Disco 2000,Pulp
DJ Jazzy Jeff & The Fresh Prince - Summertime.mp3,Summertime,Dj Jazzy Jeff & The Fresh Prince
Do Ya Wanna Taste It.mp3,Do Ya Wanna Taste It,WIG WAM
Doctor Jones.mp3,Doctor Jones,Aqua
Dog Days Are Over.mp3,Dog Days Are Over,Florence & The Machine
Domino.mp3,Domino,Jessie J
Don't Leave Me This Way.mp3,Don'T Leave Me This Way,The Communards
Don't Let Me Down.mp3,Don'T Let Me Down,The Chainsmokers
Don't Start Now.mp3,Don'T Start Now,Dua Lipa
Don't Stop Believin'.mp3,Don'T Stop Believin',journey
Don't Stop Me Now.mp3,Don'T Stop Me Now,Queen
Don't You Want Me.mp3,Don'T You Want Me,The Human League
Doo Wah Diddy.mp3,Doo Wah Diddy,DJ Ötzi
Down Under.mp3,Down Under,Men At Work
Dreams.mp3,Dreams,The Cranberries
Drops of Jupiter (Tell Me).mp3,Drops Of Jupiter (Tell Me),Train
Dynamite -BTS.mp3,Dynamite,BTS
Dynamite.mp3,Dynamite,Taio Cruz
D：Ream - Things Can Only Get Better.mp3,Things Can Only Get Better,D：Ream
Ecuador.mp3,Ecuador,DJ SASH!
Enter Sandman.mp3,Enter Sandman,Metallica
Espresso.mp3,Espresso,Sabrina Carpenter
Every Little Thing She Does Is Magic.mp3,Every Little Thing She Does Is Magic,The Police
Every Rose Has Its Thorn.mp3,Every Rose Has Its Thorn,Poison
"Every You, Every Me.mp3","Every You, Every Me",PLACEBO
Everybody (Backstreet's Back).mp3,Everybody (Backstreet'S Back),Backstreet Boys
Fantasy.mp3,Fantasy,Mariah Carey
Fast Car.mp3,Fast Car,Jonas Blue
Fields Of Gold.mp3,Fields Of Gold,Sting
Fine Young Cannibals - She Drives Me Crazy.mp3,She Drives Me Crazy,Fine Young Cannibals
Fire.mp3,Fire,Kasabian
Fireball.mp3,Fireball,Pitbull
Five - Everybody Get Up.mp3,Everybody Get Up,Five
Five - Got The Feelin.mp3,Got The Feelin',Five
Five Colours In Her Hair.mp3,Five Colours In Her Hair,McFly
Five-Keep On Moving.mp3,Keep On Moving Lyrics,Five
Flowers In The Window.mp3,Flowers In The Window,Travis
Footloose.mp3,Footloose,Kenny Loggins
Foster the People - Pumped Up Kicks (Aiju Remix).mp3,Pumped Up Kicks (Aiju Remix),Foster The People
Freak Like Me.mp3,Freak Like Me,Sugababes
George Michael - Faith.mp3,Faith,George Michael
Geri Halliwell - It's Raining Men.mp3,It'S Raining Men,Geri Halliwell
Get It On.mp3,Get It On,T.Rex
Get Lucky.mp3,Get Lucky,Pharrell Williams/Nile Rodgers/Daft Punk
Get the Party Started.mp3,Get The Party Started,P!NK
Gettin' Jiggy Wit It.mp3,Gettin' Jiggy Wit It,Will Smith
Ginuwine - Pony.mp3,Pony,Ginuwine
Girl from Mars.mp3,Girl From Mars,Ash
Girls & Boys.mp3,Girls & Boys,Blur
Girls Just Want to Have Fun.mp3,Girls Just Want To Have Fun,Cyndi Lauper
Go Your Own Way.mp3,Go Your Own Way,Fleetwood Mac
Gonna Make You Sweat (Everybody Dance Now).mp3,Gonna Make You Sweat (Everybody Dance Now),C&C Music Factory
Good Enough.mp3,Good Enough,Dodgy
Got My Mind Set on You.mp3,Got My Mind Set On You,George Harrison
Green Green Grass.mp3,Green Green Grass,George Ezra
HandClap.mp3,Handclap,Fitz and the Tantrums
Hanson - MMMBop.mp3,Mmmbop,Hanson
Have A Nice Day.mp3,Have A Nice Day,Stereophonics
Heaven Is a Place on Earth.mp3,Heaven Is A Place On Earth,Belinda Carlisle
Heaven.mp3,Heaven,Bryan Adams
Here Comes the Hotstepper.mp3,Here Comes The Hotstepper,Ini Kamoze
Hey Boy Hey Girl.mp3,Hey Boy Hey Girl,The Chemical Brothers
High Hopes.mp3,High Hopes,Panic! At The Disco
Higher Love.mp3,Higher Love,Kygo
"Hillbilly Rock, Hillbilly Roll ('97 Remix).mp3","Hillbilly Rock, Hillbilly Roll",The Woolpackers
Hips Don't Lie.mp3,Hips Don'T Lie,Shakira
Ho Hey.mp3,Ho Hey,The Lumineers
Hooked On A Feeling.mp3,Hooked On A Feeling,Blue Swede
Houdini.mp3,Houdini,Eminem
House of Fun.mp3,House Of Fun,Madness
How You Remind Me.mp3,How You Remind Me,Nickelback
Hozier - Too Sweet (I Take My Whiskey Neat).mp3,Too Sweet (I Take My Whiskey Neat),Hozier
Hundred Mile High City.mp3,Hundred Mile High City,Ocean Colour Scene
Hung Up.mp3,Hung Up,Madonna
Hungry Like the Wolf.mp3,Hungry Like The Wolf,Duran Duran
I Ain't Worried.mp3,I Ain'T Worried,One Republic
I Believe in a Thing Called Love.mp3,I Believe In A Thing Called Love,The Darkness
I Bet You Look Good On The Dancefloor.mp3,I Bet You Look Good On The Dancefloor,Arctic Monkeys
I Can't Dance.mp3,I Can'T Dance,Genesis
I Don't Care.mp3,I Dont Care,Ed Sheeran/Justin Bieber
I Gotta Feeling.mp3,I Gotta Feeling,Black Eyed Peas
I Heard It Through The Grapevine.mp3,I Heard It Through The Grapevine,Marvin Gaye
I Love It.mp3,I Love It,Icona Pop/Charli XCX
I Love Rock 'N Roll.mp3,I Love Rock 'N Roll,Joan Jett and the Blackhearts
I Predict A Riot.mp3,I Predict A Riot,Kaiser Chiefs
I WANNA BE YOUR SLAVE.mp3,I Wanna Be Your Slave,Måneskin
I Wanna Dance with Somebody (Who Loves Me).mp3,I Wanna Dance With Somebody (Who Loves Me),Whitney Houston
I Wanna Sex You Up.mp3,I Wanna Sex You Up,Color Me Badd
I Want You.mp3,I Want You,Savage Garden
I Was Made For Lovin' You.mp3,I Was Made For Lovin' You,KISS
I'm Good (Blue).mp3,I'M Good (Blue),David Guetta/Bebe Raxha
I'm Still Standing.mp3,I'M Still Standing,Elton John
Immigrant Song.mp3,Immigrant Song,Led Zeppelin
In My Mind.mp3,In My Mind,Dynoro
In the Air Tonight.mp3,In The Air Tonight,Phil Collins
Irene Cara  - Flashdance What A Feeling.mp3,Flashdance What A Feeling,Irene Cara
Iris.mp3,Iris,Goo Goo Dolls
Island In The Sun.mp3,Island In The Sun,weezer
Islands In The Stream.mp3,Islands In The Stream,Tom Jones/Ruth Jones/Rob Brydon
It Must Be Love.mp3,It Must Be Love,Madness
It's My Life.mp3,It'S My Life,Bon Jovi
It's Not Unusual.mp3,It'S Not Unusual,Tom Jones
Jason Mraz - I'm Yours.mp3,I'm Yours,Jason Mraz
Jennifer Saunders - Holding Out For a Hero.mp3,Holding Out For A Hero,Jennifer Saunders
Jerk It Out.mp3,Jerk It Out,Caesars
Johnny Be Goode.mp3,Johnny Be Goode,Chuck Berry
JOLENE.mp3,Jolene,Beyoncé
Josh Turner - Your Man.mp3,Your Man,Josh Turner
Juice.mp3,Juice,Lizzo
Jump Around.mp3,Jump Around,House Of Pain
Jump.mp3,Jump,Van Halen
Just Be Good To Green.mp3,Just Be Good To Green,Professor Green
Just Can't Get Enough.mp3,Just Can'T Get Enough,Depeche Mode
Just Dance.mp3,Just Dance,Lady Gaga
Justin Timberlake - CAN'T STOP THE FEELING!.mp3,CAN'T STOP THE FEELING!,Justin Timberlake
Keep on Dancing.mp3,Keep On Dancing,famed1
Kids In America.mp3,Kids In America,Kim Wilde
Kiss.mp3,Kiss,Art Of Noise/Tom Jones
Kool & The Gang - Celebration.mp3,Celebration,Kool & The Gang
Kung Fu Fighting.mp3,Kung Fu Fighting,Carl Douglas
Lady (Hear Me Tonight).mp3,Lady (Hear Me Tonight),Modjo
Lean On.mp3,Lean On,Major Lazer/Mø/Dj Snake
LeAnn Rimes - Cant Fight The Moonlight.mp3,Cant Fight The Moonlight,Leann Rimes
Leave Me Lonely.mp3,Leave Me Lonely,Hilltop Hoods
Let It Be.mp3,Let It Be,The Beatles
Let's Get It Started (Spike Mix).mp3,Let's Get It Started,Black Eyed Peas
Levitating.mp3,Levitating,Dua Lipa/Dababy
Like a Prayer.mp3,Like A Prayer,Madonna
Lil Boo Thang.mp3,Lil Boo Thang,Paul Russell
Lil Nas X - Old Town Road ft. Billy Ray Cyrus.mp3,Old Town Road,Lil Nas X/Billy Ray Cyrus
Lionel Richie - All Night Long (All Night).mp3,All Night Long (All Night),Lionel Richie
Little Red Corvette.mp3,Little Red Corvette,Prince
LMFAO - Sexy and I Know It.mp3,Sexy And I Know It,Lmfao
Lonestar - Amazed.mp3,Amazed,Lonestar
Lose Control.mp3,Lose Control,Teddy Swims
Lou Bega - Mambo No 5.mp3,Mambo No 5,Lou Bega
Love It When You Call.mp3,Love It When You Call,The Feeling
Love Machine.mp3,Love Machine,Girls Aloud
Love Story.mp3,Love Story,Taylor Swift
Lovefool.mp3,Lovefool,The Cardigansl
Lover (Remix).mp3,Lover,Taylor Swift
Macarena like it's hot - Los del Rio Vs Snoop Dogg.mp3,Macarena Like It's Hot,Los Del Rio/Snoop Dogg
Majestic x Boney M. - Rasputin.mp3,Rasputin,Majestic X/Boney M.
Maneater.mp3,Maneater,Daryl Hall/John Oates
Maroon 5 - Moves Like Jagger ft. Christina Aguilera.mp3,Moves Like Jagger,Maroon 5/Christina Aguilera
Marry You.mp3,Marry You,Bruno Mars
Memories.mp3,Memories,Maroon 5
Men In Black.mp3,Men In Black,Will Smith
Michael Caine.mp3,Michael Caine,Madness
Mickey.mp3,Mickey,Lolly
Mood.mp3,Mood,24kGoldn/Iann Dior
Mr C The Slide Man - Cha-Cha Slide.mp3,Cha-Cha Slide,Mr C The Slide Man
Mr. Brightside.mp3,Mr. Brightside,The Killers
My Generation.mp3,My Generation,The Who
My Girl.mp3,My Girl,Madness
My House.mp3,My House,Flo Rida
My Life Would Suck Without You.mp3,My Life Would Suck Without You,Kelly Clarkson
Mysterious Girl.mp3,Mysterious Girl,Peter Andre
Naive.mp3,Naive,The Kooks
Nice To Meet You.mp3,Nice To Meet You,Myles Smith
Nickelback - Rockstar.mp3,Rockstar,Nickelback
Night Changes.mp3,Night Changes,One Direction
No Limit.mp3,No Limit,2 Unlimited
Nothing's Gonna Stop Us Now.mp3,Nothing'S Gonna Stop Us Now,Starship
Oasis - Champagne Supernova.mp3,Champagne Supernova,Oasis
Oh My God.mp3,Oh My God,Mark Ronson
OMG.mp3,Omg,Usher
On The Floor - Jennifer Lopez.mp3,On The Floor,Jennifer Lopez/Pitbull
One Kiss.mp3,One Kiss,Calvin Harris
Ooh Aah... Just a Little Bit.mp3,Ooh Aah... Just A Little Bit,Gina G
OutKast - Hey Ya!.mp3,Hey Ya!,Outkast
Paradise by the Dashboard Light.mp3,Paradise By The Dashboard Light,Meat Loaf
Paradise City.mp3,Paradise City,Guns N' Roses
Parklife.mp3,Parklife,Blur
Party In The U.S.A..mp3,Party In The U.S.A.,Miley Cyrus
Pharrell Williams - Happy (Video).mp3,Happy,Pharrell Williams
Pink Pony Club.mp3,Pink Pony Club,Chappell Roan
Place Your Hands.mp3,Place Your Hands,Reef Band
Poker Face.mp3,Poker Face,Lady Gaga
Portugal. The Man - Feel It Still.mp3,Feel It Still,Portugal. The Man
Pour Some Sugar On Me.mp3,Pour Some Sugar On Me,DEF LEPPARD
Praise You.mp3,Praise You,Fatboy Slim
Princess of China.mp3,Princess Of China,Coldplay/Rihanna
Proud Mary.mp3,Proud Mary,Tina Turner
Pure Morning.mp3,Pure Morning,PLACEBO
R.E.M. - It's The End Of The World.mp3,It'S The End Of The World,R.E.M.
Rather Be.mp3,Rather Be,Clean Bandit/Jess Glynne
Reet Petite.mp3,Reet Petite,Jackie Wilson
Return of the Mack.mp3,Return Of The Mack,Mark Morrison
Rick Astley - Never Gonna Give You Up.mp3,Never Gonna Give You Up,Rick Astley
Ricky Martin - Livin' La Vida Loca.mp3,Livin' La Vida Loca,Ricky Martin
Right Round.mp3,Right Round,Flo Rida
Riptide.mp3,Riptide,Vance Joy
Rock DJ.mp3,Rock Dj,Robbie Williams
Roses (Imanbek Remix).mp3,Roses (Imanbek Remix),SAINt JHN
Roxanne.mp3,Roxanne,The Police
Ruby.mp3,Ruby,Kaiser Chiefs
"RUN DMC, Jason Nevins - It's Like That.mp3",It's Like That,Run Dmc/Jason Nevins
S Club 7 - Don't Stop Movin.mp3,Don't Stop Movin,S Club 7
S Club 7 - Reach for the Stars.mp3,Reach for the Stars,S Club 7
Sandi Thom - I Wish I Was A Punk Rocker.mp3,I Wish I Was A Punk Rocker,Sandi Thom
Santana - Smooth.mp3,Smooth,Santana/Rob Thomas
Scream & Shout.mp3,Scream & Shout,Will I Am/Britney Spears
September.mp3,September,Earth Wind & Fire
Seven Nation Army.mp3,Seven Nation Army,The White Stripes
Sex on Fire.mp3,Sex On Fire,Kings of Leon
Sexbomb.mp3,Sexbomb,Tom Jones/Mousse T
SexyBack.mp3,Sexyback,Justin Timberlake
Señorita.mp3,Señorita,Shawn Mendes/Camilla Cabello
Shake It Off.mp3,Shake It Off,Taylor Swift
Shake That.mp3,Shake That,Eminem
"Shakira - Whenever, Wherever.mp3","Whenever, Wherever",Shakira
Sham Rock-Tell Me Ma.mp3,Tell Me Ma,Sham Rock
Shania Twain - Man! I Feel Like A Woman!.mp3,Man! I Feel Like A Woman!,Shania Twain
Shape of You.mp3,Shape Of You,Ed Sheeran
She Moves In Her Own Way.mp3,She Moves In Her Own Way,The Kooks
She's Electric.mp3,She's Electric,Oasis
Shining Light.mp3,Shining Light,Ash
Shivers.mp3,Shivers,Ed Sheeran
Shoop.mp3,Shoop,Salt-N-Pepa
Shotgun.mp3,Shotgun,George Ezra
Show Me Love.mp3,Show Me Love,Wiz The Mc/Bees and Honey
Single Ladies (Put a Ring on It).mp3,Single Ladies (Put A Ring On It),Beyoncé
Sit Down.mp3,Sit Down,James
Smash Mouth - Walkin' On The Sun.mp3,Walkin' On The Sun,Smash Mouth
Smells Like Teen Spirit.mp3,Smells Like Teen Spirit,Nirvana
Smooth Criminal.mp3,Smooth Criminal,Alien Ant Farm Channel
Somebody Told Me.mp3,Somebody Told Me,The Killers
Something Just Like This.mp3,Something Just Like This,The Chainsmokers
Song 2.mp3,Song 2,Blur
Sophie Ellis Bextor - Murder On The Dancefloor.mp3,Murder On The Dancefloor,Sophie Ellis Bextor
Stargazing.mp3,Stargazing,Myles Smith
Starships.mp3,Starships,Nicki Minaj
Staying Out For The Summer.mp3,Staying Out For The Summer,Dodgy
Stereo Love.mp3,Stereo Love,Edward Maya
Stop.mp3,Stop,Spice Girls
Stuck In The Middle With You.mp3,Stuck In The Middle With You,Stealers Wheel
Sucker.mp3,Sucker,Jonas Brothers
Sugar.mp3,Sugar,Maroon 5
Summer of 69.mp3,Summer Of 69,Bryan Adams
Summer.mp3,Summer,Calvin Harris
Sunflower.mp3,Sunflower,Post Malone/Swae Lee
Supermassive Black Hole.mp3,Supermassive Black Hole,Muse
Superstition.mp3,Superstition,Stevie Wonder
Sweet Caroline.mp3,Sweet Caroline,Neil Diamond
Sweet Child O' Mine.mp3,Sweet Child O' Mine,Guns N' Roses
Sweet Like Chocolate.mp3,Sweet Like Chocolate,Shanks & Bigfoot
Take Me Out.mp3,Take Me Out,Franz Ferdinand
Take That - Rule The World.mp3,Rule The World,Take That
Tattoo.mp3,Tattoo,Loreen
Teenage Dirtbag.mp3,Teenage Dirtbag,Wheatus
That Don't Impress Me Much.mp3,That Don'T Impress Me Much,Shania Twain
The B-52's - Love Shack.mp3,Love Shack,The B-52'S
The Best.mp3,The Best,Tina Turner
The Day We Caught The Train.mp3,The Day We Caught The Train,Ocean Colour Scene
The Door.mp3,The Door,Teddy Swims
The Living Years.mp3,The Living Years,Mike + The Mechanics
The Offspring - Pretty Fly (For A White Guy).mp3,Pretty Fly (For A White Guy),The Offspring
The Only One I Know.mp3,The Only One I Know,The Charlatans
The Riverboat Song.mp3,The Riverboat Song,Ocean Colour Scene
The Size Of A Cow.mp3,The Size Of A Cow,The Wonder Stuff
The Spirit Of Radio.mp3,The Spirit Of Radio,Rush
The Tamperer Feat. Maya - Feel It.mp3,Feel It,The Tamperer/Maya
There's Nothing Holdin' Me Back.mp3,There'S Nothing Holdin' Me Back,Shawn Mendes
This Is What You Came For.mp3,This Is What You Came For,Calvin Harris
Thunderstruck.mp3,Thunderstruck,AC/DC
Timber - Pitbull ft. Ke$ha.mp3,Timber,Pitbull/Ke$Ha
Time After Time.mp3,Time After Time,Cyndi Lauper
Titanium (feat. Sia).mp3,Titanium,David Guetta/Sia
Tom Sawyer.mp3,Tom Sawyer,Rush
TONES AND I - DANCE MONKEY.mp3,Dance Monkey,Tones And I
Tony Christie - (Is This The Way To) Amarillo.mp3,(Is This The Way To) Amarillo,Tony Christie
Toploader - Dancing in the Moonlight.mp3,Dancing In The Moonlight,Toploader
Torn.mp3,Torn,Natalie Imbruglia
Town Called Malice.mp3,Town Called Malice,The Jam
Tubthumping.mp3,Tubthumping,Chumbawamba
U Can't Touch This.mp3,U Can'T Touch This,MC HAMMER
Underdog.mp3,Underdog,Kasabian
Until I Found You.mp3,Until I Found You,Stephen Sanchez
Unwritten.mp3,Unwritten,Natasha Bedingfield
Uprising.mp3,Uprising,Muse
Upside Down (Original CHIC Mix).mp3,Upside Down,Diana Ross
Uptown Funk.mp3,Uptown Funk,Mark Ronson
Uptown Girl Westlife.mp3,Uptown Girl,Westlife
Viva La Vida.mp3,Viva La Vida,Coldplay
Waiting For Love.mp3,Waiting For Love,Avicii
Wake Me Up.mp3,Wake Me Up,Avicii
Walk Like an Egyptian.mp3,Walk Like An Egyptian,The Bangles
Wannabe.mp3,Wannabe,Spice Girls
We Are Young.mp3,We Are Young,Fun./Janelle Monáe
We Built This City.mp3,We Built This City,Starship
We Could Be Together.mp3,We Could Be Together,Gabry Ponte
We Found Love.mp3,We Found Love,Rihanna/Calvin Harris
We Will Rock You.mp3,We Will Rock You,Queen
What I Go To School For.mp3,What I Go To School For,Busted
What Is Love.mp3,What Is Love,Haddaway
What Makes You Beautiful.mp3,What Makes You Beautiful,One Direction
When Love Takes Over.mp3,When Love Takes Over,David Guetta/Kelly Rowland
Where Are You Now.mp3,Where Are You Now,Lost Frequencies
Whigfield - Saturday Night.mp3,Saturday Night,Whigfield
Why I Love You So.mp3,Why I Love You So,Alok
With Or Without You.mp3,With Or Without You,U2
Without Me.mp3,Without Me,Eminem
Wrapped Up.mp3,Wrapped Up,Olly Murs
Wrecking Ball.mp3,Wrecking Ball,Miley Cyrus
Year 3000.mp3,Year 3000,Busted
You Can Call Me Al.mp3,You Can Call Me Al,Paul Simon
You Can't Hurry Love.mp3,You Can'T Hurry Love,The Supremes
You Give Love A Bad Name.mp3,You Give Love A Bad Name,Bon Jovi
You're So Vain.mp3,You'Re So Vain,Carly Simon
Zombie.mp3,Zombie,The Cranberries
[I Just] Died In Your Arms.mp3,[I Just] Died In Your Arms,Cutting Crew Music
[I've Had] The Time Of My Life.mp3,[I've Had] The Time Of My Life,Bill Medley
[Your Love Keeps Lifting Me] Higher & Higher.mp3,[Your Love Keeps Lifting Me] Higher & Higher,Jackie Wilson - Topic
