Filename,Title,Artist,Search_Query,Genre
... Baby One More Time.mp3,... Baby One More Time,Britney Spears,Britney Spears ... Baby One More Time song genre,Pop
911 - Bodyshaking.mp3,Bodyshaking,911,911 Bodyshaking song genre,Pop
911 - Love Sensation.mp3,Love Sensation,911,911 Love Sensation song genre,Pop
A Bar Song (Tipsy).mp3,A Bar Song (Tipsy),Shaboozey,Shaboozey A Bar Song (Tipsy) song genre,Country; Folk
A Kind Of Magic.mp3,A Kind Of Magic,Queen,Queen A Kind Of Magic song genre,Rock
A Sky Full of Stars.mp3,A Sky Full Of Stars,Coldplay,Coldplay A Sky Full Of Stars song genre,Alternative rock; EDM
About Damn Time.mp3,About Damn Time,Lizzo,Lizzo About Damn Time song genre,Pop; Disco
Ace of Base - All That She Wants.mp3,All That She Wants,Ace Of Base,Ace Of Base All That She Wants song genre,Reggae; Pop
Addicted To Love.mp3,Addicted To Love,Robert Palmer,Robert Palmer Addicted To Love song genre,Rock
Adore You.mp3,Adore You,Harry Styles,Harry Styles Adore You song genre,Pop
Africa.mp3,Africa,TOTO,TOTO Africa song genre,Rock
Afroman - Because I Got High.mp3,Because I Got High,Afroman,Afroman Because I Got High song genre,Hip-Hop
Against All Odds (Together at Home Mix).mp3,Against All Odds (Together At Home Mix),Phil Collins,Phil Collins Against All Odds (Together At Home Mix) song genre,Rock
Airplanes.mp3,Airplanes,B.o.B/Hayley Williams,B.o.B/Hayley Williams Airplanes song genre,Hip-Hop
Alex Warren - Ordinary.mp3,Ordinary,Alex Warren,Alex Warren Ordinary song genre,Pop
All About You.mp3,All About You,McFly,McFly All About You song genre,"Pop, Indie"
All Around The World (La La La).mp3,All Around The World (La La La),R3HAB,R3HAB All Around The World (La La La) song genre,Dance; EDM
All The Things She Said.mp3,All The Things She Said,Tatu,Tatu All The Things She Said song genre,Alternative Rock
All You Need Is Love.mp3,All You Need Is Love,The Beatles,The Beatles All You Need Is Love song genre,Pop
All-4-One - I Swear.mp3,I Swear,All-4-One,All-4-One I Swear song genre,R&B; Pop
Always.mp3,Always,Bon Jovi,Bon Jovi Always song genre,Rock
America.mp3,America,Razorlight,Razorlight America song genre,Rock
American Idiot.mp3,American Idiot,Green Day,Green Day American Idiot song genre,Punk; Alternative Rock
Anxiety.mp3,Anxiety,Doechii,Doechii Anxiety song genre,Hip-hop; Rap
APT..mp3,Apt.,ROSÉ/Bruno Mars,ROSÉ/Bruno Mars Apt. song genre,K-Pop
Aqua - Barbie Girl.mp3,Barbie Girl,Aqua,Aqua Barbie Girl song genre,Pop
Around the World.mp3,Around The World,Daft Punk,Daft Punk Around The World song genre,Disco; Dance; EDM
Azizam.mp3,Azizam,Ed Sheeran/Googoosh,Ed Sheeran/Googoosh Azizam song genre,Pop
Bad Dreams.mp3,Bad Dreams,Teddy Swims,Teddy Swims Bad Dreams song genre,Pop
bad guy.mp3,Bad Guy,Billie Eilish,Billie Eilish Bad Guy song genre,Pop
Bad Habits.mp3,Bad Habits,Ed Sheeran,Ed Sheeran Bad Habits song genre,Pop
Bad Moon Rising.mp3,Bad Moon Rising,Creedence Clearwater Revival,Creedence Clearwater Revival Bad Moon Rising song genre,Country; Rockabilly
Bang Bang.mp3,Bang Bang,Ariana Grande/Jessie J/Nicki Minaj,Ariana Grande/Jessie J/Nicki Minaj Bang Bang song genre,Pop
Beautiful Day.mp3,Beautiful Day,U2,U2 Beautiful Day song genre,Rock
Beautiful People.mp3,Beautiful People,Ed Sheeran/Khalid,Ed Sheeran/Khalid Beautiful People song genre,Pop
Beautiful Things.mp3,Beautiful Things,Benson Boone,Benson Boone Beautiful Things song genre,Pop; Rock
Believer.mp3,Believer,ImagineDragons,ImagineDragons Believer song genre,Pop; Rock
Best of My Love.mp3,Best Of My Love,The Emotions,The Emotions Best Of My Love song genre,Disco
Billie Jean.mp3,Billie Jean,Michael Jackson,Michael Jackson Billie Jean song genre,Disco; R&B
"Bills, Bills, Bills.mp3","Bills, Bills, Bills",Destiny's Child,"Destiny's Child Bills, Bills, Bills song genre",R&B
Billy Ray Cyrus - Achy Breaky Heart.mp3,Achy Breaky Heart,Billy Ray Cyrus,Billy Ray Cyrus Achy Breaky Heart song genre,Country
BIRDS OF A FEATHER.mp3,Birds Of A Feather,Billie Eilish,Billie Eilish Birds Of A Feather song genre,Pop
Black Betty.mp3,Black Betty,Spiderbait,Spiderbait Black Betty song genre,Rock
Blackstreet - No Diggity.mp3,No Diggity,Blackstreet/Dr. Dre,Blackstreet/Dr. Dre No Diggity song genre,R&B; Hip-Hop
Blinding Lights.mp3,Blinding Lights,The Weeknd,The Weeknd Blinding Lights song genre,Pop
Blue (Da Ba Dee).mp3,Blue (Da Ba Dee),Eiffel 65,Eiffel 65 Blue (Da Ba Dee) song genre,Dance; EDM
Bob Marley & The Wailers - Three Little Birds.mp3,Three Little Birds,Bob Marley & The Wailers,Bob Marley & The Wailers Three Little Birds song genre,Reggae
Bon Jovi - Livin' On A Prayer.mp3,Livin' On A Prayer,Bon Jovi,Bon Jovi Livin' On A Prayer song genre,Rock
Boom Boom Boom.mp3,Boom Boom Boom,The Outthere Brothers,The Outthere Brothers Boom Boom Boom song genre,Dance; EDM
Boom! Shake the Room.mp3,Boom! Shake The Room,DJ Jazzy Jeff/The Fresh Prince,DJ Jazzy Jeff/The Fresh Prince Boom! Shake The Room song genre,Pop; Hip-Hop
Boyzone - All That I Need.mp3,All That I Need,Boyzone,Boyzone All That I Need song genre,Pop
Boyzone - Love Me For A Reason.mp3,Love Me For A Reason,Boyzone,Boyzone Love Me For A Reason song genre,Pop
Breathe.mp3,Breathe,The Prodigy,The Prodigy Breathe song genre,Rock; EDM
Bring It All Back.mp3,Bring It All Back,S Club 7,S Club 7 Bring It All Back song genre,Pop
Bring Me Joy (Freaks & Geeks Remix).mp3,Bring Me Joy (Freaks & Geeks Remix),Rudimental,Rudimental Bring Me Joy (Freaks & Geeks Remix) song genre,Dance; EDM
Brown Eyed Girl.mp3,Brown Eyed Girl,Van Morrison,Van Morrison Brown Eyed Girl song genre,Rock
Bruce Springsteen - Dancing In the Dark.mp3,Dancing In The Dark,Bruce Springsteen,Bruce Springsteen Dancing In The Dark song genre,Rock
Buck Rogers.mp3,Buck Rogers,Feeder,Feeder Buck Rogers song genre,Indie
Buddy Holly.mp3,Buddy Holly,weezer,weezer Buddy Holly song genre,Indie
Burn Baby Burn.mp3,Burn Baby Burn,Ash,Ash Burn Baby Burn song genre,Pop
Butterfly.mp3,Butterfly,Crazy Town,Crazy Town Butterfly song genre,Hip-Hop
By the Way.mp3,By The Way,Red Hot Chili Peppers,Red Hot Chili Peppers By The Way song genre,Rock
Bye Bye Bye.mp3,Bye Bye Bye,*NSYNC,*NSYNC Bye Bye Bye song genre,Dance; Pop
C'est La Vie.mp3,C'Est La Vie,B*Witched Official,B*Witched Official C'Est La Vie song genre,Pop
Cake By The Ocean.mp3,Cake By The Ocean,DNCE,DNCE Cake By The Ocean song genre,Pop; Dance; Disco
Call Me Maybe.mp3,Call Me Maybe,Carly Rae Jepsen,Carly Rae Jepsen Call Me Maybe song genre,Pop
Call Me.mp3,Call Me,BlondieMusicOfficial,BlondieMusicOfficial Call Me song genre,Rock
Call On Me (Ryan Riback Remix).mp3,Call On Me,STARLEY,STARLEY Call On Me song genre,Dance; EDM
Calm Down.mp3,Calm Down,Rema/Selena Gomez,Rema/Selena Gomez Calm Down song genre,Dance
Calvin Harris - Feels.mp3,Feels,Calvin Harris/Pharrell Williams/Katy Perry/Big Sean,Calvin Harris/Pharrell Williams/Katy Perry/Big Sean Feels song genre,Disco; Ska
Can't Hold Us.mp3,Can'T Hold Us,Macklemore/Ray Dalton,Macklemore/Ray Dalton Can'T Hold Us song genre,Pop; Hip-Hop
Can't Stop.mp3,Can'T Stop,Red Hot Chili Peppers,Red Hot Chili Peppers Can'T Stop song genre,Rock
Cheerleader (Felix Jaehn Remix).mp3,Cheerleader,OMI,OMI Cheerleader song genre,Reggae
Chelsea Dagger.mp3,Chelsea Dagger,The Fratellis,The Fratellis Chelsea Dagger song genre,Indie
Chesney Hawkes - The One and Only.mp3,The One And Only,Chesney Hawkes,Chesney Hawkes The One And Only song genre,Pop
"Christina Aguilera, Lil' Kim, Mya, P!nk - Lady Marmalade.mp3",Lady Marmalade,"Christina Aguilera, Lil' Kim, Mya, P!Nk","Christina Aguilera, Lil' Kim, Mya, P!Nk Lady Marmalade song genre",Disco; Funk
Club Foot.mp3,Club Foot,Kasabian,Kasabian Club Foot song genre,Indie; Alternative Rock
Cold Heart (PNAU Remix).mp3,Cold Heart (Pnau Remix),Elton John,Elton John Cold Heart (Pnau Remix) song genre,Dance; Disco
Come As You Are.mp3,Come As You Are,Nirvana,Nirvana Come As You Are song genre,Alternative Rock
Come On Eileen.mp3,Come On Eileen,"Dexys Midnight Runners, Kevin Rowland","Dexys Midnight Runners, Kevin Rowland Come On Eileen song genre",Folk; Pop
Come Together.mp3,Come Together,The Beatles,The Beatles Come Together song genre,Rock
Come with Me Now.mp3,Come With Me Now,KONGOS,KONGOS Come With Me Now song genre,Alternative Rock
Common People.mp3,Common People,Pulp,Pulp Common People song genre,Britpop
Cooler Than Me.mp3,Cooler Than Me,Mike Posner,Mike Posner Cooler Than Me song genre,Pop
Cosmic Girl.mp3,Cosmic Girl,Jamiroquai,Jamiroquai Cosmic Girl song genre,Disco; Britpop
Cotton Eye Joe.mp3,Cotton Eye Joe,Rednex,Rednex Cotton Eye Joe song genre,Country; Dance
Counting Stars.mp3,Counting Stars,OneRepublic,OneRepublic Counting Stars song genre,Pop; Rock
Crazy Little Thing Called Love.mp3,Crazy Little Thing Called Love,Queen,Queen Crazy Little Thing Called Love song genre,Rock
Crazy What Love Can Do.mp3,Crazy What Love Can Do,David Guetta,David Guetta Crazy What Love Can Do song genre,Dance; EDM
Crowded House - Don't Dream It's Over.mp3,Don'T Dream It'S Over,Crowded House,Crowded House Don'T Dream It'S Over song genre,Rock
Culture Club - Karma Chameleon.mp3,Karma Chameleon,Culture Club,Culture Club Karma Chameleon song genre,R&B
Dakota.mp3,Dakota,Stereophonics,Stereophonics Dakota song genre,Rock; Britpop
Dancing On The Ceiling.mp3,Dancing On The Ceiling,Lionel Richie,Lionel Richie Dancing On The Ceiling song genre,Pop; R&B
David Bowie & Mick Jagger - Dancing In The Street.mp3,Dancing In The Street,David Bowie/Mick Jagger,David Bowie/Mick Jagger Dancing In The Street song genre,R&B
"December, 1963 (Oh, What a Night).mp3","December, 1963 (Oh, What A Night)",Frankie Valli and the Four Seasons,"Frankie Valli and the Four Seasons December, 1963 (Oh, What A Night) song genre",Disco; Rock
Disco 2000.mp3,Disco 2000,Pulp,Pulp Disco 2000 song genre,Britpop
DJ Jazzy Jeff & The Fresh Prince - Summertime.mp3,Summertime,Dj Jazzy Jeff & The Fresh Prince,Dj Jazzy Jeff & The Fresh Prince Summertime song genre,Hip-Hop
Do Ya Wanna Taste It.mp3,Do Ya Wanna Taste It,WIG WAM,WIG WAM Do Ya Wanna Taste It song genre,Rock
Doctor Jones.mp3,Doctor Jones,Aqua,Aqua Doctor Jones song genre,Pop
Dog Days Are Over.mp3,Dog Days Are Over,Florence & The Machine,Florence & The Machine Dog Days Are Over song genre,Indie; Alternative Rock
Domino.mp3,Domino,Jessie J,Jessie J Domino song genre,Dance; EDM
Don't Leave Me This Way.mp3,Don'T Leave Me This Way,The Communards,The Communards Don'T Leave Me This Way song genre,R&B
Don't Let Me Down.mp3,Don'T Let Me Down,The Chainsmokers,The Chainsmokers Don'T Let Me Down song genre,Indie; EDM
Don't Start Now.mp3,Don'T Start Now,Dua Lipa,Dua Lipa Don'T Start Now song genre,Disco; Pop
Don't Stop Believin'.mp3,Don'T Stop Believin',journey,journey Don'T Stop Believin' song genre,Rock
Don't Stop Me Now.mp3,Don'T Stop Me Now,Queen,Queen Don'T Stop Me Now song genre,Pop; Rock
Don't You Want Me.mp3,Don'T You Want Me,The Human League,The Human League Don'T You Want Me song genre,Pop
Doo Wah Diddy.mp3,Doo Wah Diddy,DJ Ötzi,DJ Ötzi Doo Wah Diddy song genre,Rock
Down Under.mp3,Down Under,Men At Work,Men At Work Down Under song genre,Reggae; Pop
Dreams.mp3,Dreams,The Cranberries,The Cranberries Dreams song genre,Alternative Rock
Drops of Jupiter (Tell Me).mp3,Drops Of Jupiter (Tell Me),Train,Train Drops Of Jupiter (Tell Me) song genre,Rock
Dynamite -BTS.mp3,Dynamite,BTS,BTS Dynamite song genre,K-Pop
Dynamite.mp3,Dynamite,Taio Cruz,Taio Cruz Dynamite song genre,R&B; EDM
D：Ream - Things Can Only Get Better.mp3,Things Can Only Get Better,D：Ream,D：Ream Things Can Only Get Better song genre,Dance; Britpop
Ecuador.mp3,Ecuador,DJ SASH!,DJ SASH! Ecuador song genre,Dance; EDM
Enter Sandman.mp3,Enter Sandman,Metallica,Metallica Enter Sandman song genre,Rock
Espresso.mp3,Espresso,Sabrina Carpenter,Sabrina Carpenter Espresso song genre,Pop; Dance
Every Little Thing She Does Is Magic.mp3,Every Little Thing She Does Is Magic,The Police,The Police Every Little Thing She Does Is Magic song genre,Reggae; Pop
Every Rose Has Its Thorn.mp3,Every Rose Has Its Thorn,Poison,Poison Every Rose Has Its Thorn song genre,Rock
"Every You, Every Me.mp3","Every You, Every Me",PLACEBO,"PLACEBO Every You, Every Me song genre",Alternative Rock
Everybody (Backstreet's Back).mp3,Everybody (Backstreet'S Back),Backstreet Boys,Backstreet Boys Everybody (Backstreet'S Back) song genre,Pop
Fantasy.mp3,Fantasy,Mariah Carey,Mariah Carey Fantasy song genre,Pop; R&B
Fast Car.mp3,Fast Car,Jonas Blue,Jonas Blue Fast Car song genre,Folk; Rock
Fields Of Gold.mp3,Fields Of Gold,Sting,Sting Fields Of Gold song genre,Pop
Fine Young Cannibals - She Drives Me Crazy.mp3,She Drives Me Crazy,Fine Young Cannibals,Fine Young Cannibals She Drives Me Crazy song genre,Pop
Fire.mp3,Fire,Kasabian,Kasabian Fire song genre,Alternative Rock
Fireball.mp3,Fireball,Pitbull,Pitbull Fireball song genre,Dance; EDM
Five - Everybody Get Up.mp3,Everybody Get Up,Five,Five Everybody Get Up song genre,Disco; Dance; Pop
Five - Got The Feelin.mp3,Got The Feelin',Five,Five Got The Feelin' song genre,Pop
Five Colours In Her Hair.mp3,Five Colours In Her Hair,McFly,McFly Five Colours In Her Hair song genre,Pop;Rock;Indie
Five-Keep On Moving.mp3,Keep On Moving Lyrics,Five,Five Keep On Moving Lyrics song genre,Pop
Flowers In The Window.mp3,Flowers In The Window,Travis,Travis Flowers In The Window song genre,Indie 
Footloose.mp3,Footloose,Kenny Loggins,Kenny Loggins Footloose song genre,Rock; Country; Rockabilly
Foster the People - Pumped Up Kicks (Aiju Remix).mp3,Pumped Up Kicks (Aiju Remix),Foster The People,Foster The People Pumped Up Kicks (Aiju Remix) song genre,Pop; Dance
Freak Like Me.mp3,Freak Like Me,Sugababes,Sugababes Freak Like Me song genre,R&B; Hip-Hop
George Michael - Faith.mp3,Faith,George Michael,George Michael Faith song genre,Pop; R&B
Geri Halliwell - It's Raining Men.mp3,It'S Raining Men,Geri Halliwell,Geri Halliwell It'S Raining Men song genre,Disco; Pop
Get It On.mp3,Get It On,T.Rex,T.Rex Get It On song genre,Rock
Get Lucky.mp3,Get Lucky,Pharrell Williams/Nile Rodgers/Daft Punk,Pharrell Williams/Nile Rodgers/Daft Punk Get Lucky song genre,Disco; Pop
Get the Party Started.mp3,Get The Party Started,P!NK,P!NK Get The Party Started song genre,Dance; Funk
Gettin' Jiggy Wit It.mp3,Gettin' Jiggy Wit It,Will Smith,Will Smith Gettin' Jiggy Wit It song genre,Hip-Hop
Ginuwine - Pony.mp3,Pony,Ginuwine,Ginuwine Pony song genre,R&B; Hip Hop
Girl from Mars.mp3,Girl From Mars,Ash,Ash Girl From Mars song genre,Britpop; Punk
Girls & Boys.mp3,Girls & Boys,Blur,Blur Girls & Boys song genre,Indie 
Girls Just Want to Have Fun.mp3,Girls Just Want To Have Fun,Cyndi Lauper,Cyndi Lauper Girls Just Want To Have Fun song genre,Pop; Disco
Go Your Own Way.mp3,Go Your Own Way,Fleetwood Mac,Fleetwood Mac Go Your Own Way song genre,Rock
Gonna Make You Sweat (Everybody Dance Now).mp3,Gonna Make You Sweat (Everybody Dance Now),C&C Music Factory,C&C Music Factory Gonna Make You Sweat (Everybody Dance Now) song genre,Hip-Hop; Funk
Good Enough.mp3,Good Enough,Dodgy,Dodgy Good Enough song genre,Britpop
Got My Mind Set on You.mp3,Got My Mind Set On You,George Harrison,George Harrison Got My Mind Set On You song genre,Rock
Green Green Grass.mp3,Green Green Grass,George Ezra,George Ezra Green Green Grass song genre,Pop; Funk; Soul
HandClap.mp3,Handclap,Fitz and the Tantrums,Fitz and the Tantrums Handclap song genre,Indie; Pop; Dance
Hanson - MMMBop.mp3,Mmmbop,Hanson,Hanson Mmmbop song genre,Pop
Have A Nice Day.mp3,Have A Nice Day,Stereophonics,Stereophonics Have A Nice Day song genre,Rock; Indie
Heaven Is a Place on Earth.mp3,Heaven Is A Place On Earth,Belinda Carlisle,Belinda Carlisle Heaven Is A Place On Earth song genre,Pop
Heaven.mp3,Heaven,Bryan Adams,Bryan Adams Heaven song genre,Rock
Here Comes the Hotstepper.mp3,Here Comes The Hotstepper,Ini Kamoze,Ini Kamoze Here Comes The Hotstepper song genre,Hip-Hop; Reggae
Hey Boy Hey Girl.mp3,Hey Boy Hey Girl,The Chemical Brothers,The Chemical Brothers Hey Boy Hey Girl song genre,Dance; EDM
High Hopes.mp3,High Hopes,Panic! At The Disco,Panic! At The Disco High Hopes song genre,Alternative Rock
Higher Love.mp3,Higher Love,Kygo,Kygo Higher Love song genre,Rock
"Hillbilly Rock, Hillbilly Roll ('97 Remix).mp3","Hillbilly Rock, Hillbilly Roll",The Woolpackers,"The Woolpackers Hillbilly Rock, Hillbilly Roll song genre",Country
Hips Don't Lie.mp3,Hips Don'T Lie,Shakira,Shakira Hips Don'T Lie song genre,Pop; Reggae
Ho Hey.mp3,Ho Hey,The Lumineers,The Lumineers Ho Hey song genre,Folk; Indie
Hooked On A Feeling.mp3,Hooked On A Feeling,Blue Swede,Blue Swede Hooked On A Feeling song genre,Pop
Houdini.mp3,Houdini,Eminem,Eminem Houdini song genre,Hip-Hop
House of Fun.mp3,House Of Fun,Madness,Madness House Of Fun song genre,Pop; Ska
How You Remind Me.mp3,How You Remind Me,Nickelback,Nickelback How You Remind Me song genre,Rock; Alternative Rock
Hozier - Too Sweet (I Take My Whiskey Neat).mp3,Too Sweet (I Take My Whiskey Neat),Hozier,Hozier Too Sweet (I Take My Whiskey Neat) song genre,Indie 
Hundred Mile High City.mp3,Hundred Mile High City,Ocean Colour Scene,Ocean Colour Scene Hundred Mile High City song genre,Britpop; Rock
Hung Up.mp3,Hung Up,Madonna,Madonna Hung Up song genre,Dance; Disco
Hungry Like the Wolf.mp3,Hungry Like The Wolf,Duran Duran,Duran Duran Hungry Like The Wolf song genre,Pop; Disco
I Ain't Worried.mp3,I Ain'T Worried,One Republic,One Republic I Ain'T Worried song genre,Pop
I Believe in a Thing Called Love.mp3,I Believe In A Thing Called Love,The Darkness,The Darkness I Believe In A Thing Called Love song genre,Rock
I Bet You Look Good On The Dancefloor.mp3,I Bet You Look Good On The Dancefloor,Arctic Monkeys,Arctic Monkeys I Bet You Look Good On The Dancefloor song genre,Indie; Rock; Punk; Britpop
I Can't Dance.mp3,I Can'T Dance,Genesis,Genesis I Can'T Dance song genre,Rock
I Don't Care.mp3,I Dont Care,Ed Sheeran/Justin Bieber,Ed Sheeran/Justin Bieber I Dont Care song genre,Pop
I Gotta Feeling.mp3,I Gotta Feeling,Black Eyed Peas,Black Eyed Peas I Gotta Feeling song genre,Dance; Hip-Hop
I Heard It Through The Grapevine.mp3,I Heard It Through The Grapevine,Marvin Gaye,Marvin Gaye I Heard It Through The Grapevine song genre,R&B
I Love It.mp3,I Love It,Icona Pop/Charli XCX,Icona Pop/Charli XCX I Love It song genre,Dance
I Love Rock 'N Roll.mp3,I Love Rock 'N Roll,Joan Jett and the Blackhearts,Joan Jett and the Blackhearts I Love Rock 'N Roll song genre,Rock
I Predict A Riot.mp3,I Predict A Riot,Kaiser Chiefs,Kaiser Chiefs I Predict A Riot song genre,Indie; Rock
I WANNA BE YOUR SLAVE.mp3,I Wanna Be Your Slave,Måneskin,Måneskin I Wanna Be Your Slave song genre,Rock
I Wanna Dance with Somebody (Who Loves Me).mp3,I Wanna Dance With Somebody (Who Loves Me),Whitney Houston,Whitney Houston I Wanna Dance With Somebody (Who Loves Me) song genre,Pop; Dance
I Wanna Sex You Up.mp3,I Wanna Sex You Up,Color Me Badd,Color Me Badd I Wanna Sex You Up song genre,R&B
I Want You.mp3,I Want You,Savage Garden,Savage Garden I Want You song genre,Pop
I Was Made For Lovin' You.mp3,I Was Made For Lovin' You,KISS,KISS I Was Made For Lovin' You song genre,Rock; Disco
I'm Good (Blue).mp3,I'M Good (Blue),David Guetta/Bebe Raxha,David Guetta/Bebe Raxha I'M Good (Blue) song genre,Dance; EDM
I'm Still Standing.mp3,I'M Still Standing,Elton John,Elton John I'M Still Standing song genre,Pop
Immigrant Song.mp3,Immigrant Song,Led Zeppelin,Led Zeppelin Immigrant Song song genre,Rock
In My Mind.mp3,In My Mind,Dynoro,Dynoro In My Mind song genre,EDM
In the Air Tonight.mp3,In The Air Tonight,Phil Collins,Phil Collins In The Air Tonight song genre,Pop; Rock
Irene Cara  - Flashdance What A Feeling.mp3,Flashdance What A Feeling,Irene Cara,Irene Cara Flashdance What A Feeling song genre,Pop; Dance; Disco
Iris.mp3,Iris,Goo Goo Dolls,Goo Goo Dolls Iris song genre,Indie 
Island In The Sun.mp3,Island In The Sun,weezer,weezer Island In The Sun song genre,Rock; Punk
Islands In The Stream.mp3,Islands In The Stream,Tom Jones/Ruth Jones/Rob Brydon,Tom Jones/Ruth Jones/Rob Brydon Islands In The Stream song genre,Rock
It Must Be Love.mp3,It Must Be Love,Madness,Madness It Must Be Love song genre,Pop
It's My Life.mp3,It'S My Life,Bon Jovi,Bon Jovi It'S My Life song genre,Pop; Rock
It's Not Unusual.mp3,It'S Not Unusual,Tom Jones,Tom Jones It'S Not Unusual song genre,Pop
Jason Mraz - I'm Yours.mp3,I'm Yours,Jason Mraz,Jason Mraz I'm Yours song genre,Reggae; Folk; Rock
Jennifer Saunders - Holding Out For a Hero.mp3,Holding Out For A Hero,Jennifer Saunders,Jennifer Saunders Holding Out For A Hero song genre,Pop
Jerk It Out.mp3,Jerk It Out,Caesars,Caesars Jerk It Out song genre,Dance
Johnny Be Goode.mp3,Johnny Be Goode,Chuck Berry,Chuck Berry Johnny Be Goode song genre,Rock; Roll
JOLENE.mp3,Jolene,Beyoncé,Beyoncé Jolene song genre,Country; Pop; Hip-Hop; Folk
Josh Turner - Your Man.mp3,Your Man,Josh Turner,Josh Turner Your Man song genre,Country
Juice.mp3,Juice,Lizzo,Lizzo Juice song genre,Funk; Pop; Hip-Hop
Jump Around.mp3,Jump Around,House Of Pain,House Of Pain Jump Around song genre,Hip-Hop
Jump.mp3,Jump,Van Halen,Van Halen Jump song genre,Rock
Just Be Good To Green.mp3,Just Be Good To Green,Professor Green,Professor Green Just Be Good To Green song genre,Hip-Hop
Just Can't Get Enough.mp3,Just Can'T Get Enough,Depeche Mode,Depeche Mode Just Can'T Get Enough song genre,Pop
Just Dance.mp3,Just Dance,Lady Gaga,Lady Gaga Just Dance song genre,Pop; Dance
Justin Timberlake - CAN'T STOP THE FEELING!.mp3,CAN'T STOP THE FEELING!,Justin Timberlake,Justin Timberlake CAN'T STOP THE FEELING! song genre,Disco; Pop
Keep on Dancing.mp3,Keep On Dancing,famed1,famed1 Keep On Dancing song genre,Dance
Kids In America.mp3,Kids In America,Kim Wilde,Kim Wilde Kids In America song genre,Pop
Kiss.mp3,Kiss,Art Of Noise/Tom Jones,Art Of Noise/Tom Jones Kiss song genre,Funk; Pop
Kool & The Gang - Celebration.mp3,Celebration,Kool & The Gang,Kool & The Gang Celebration song genre,Disco; Funk
Kung Fu Fighting.mp3,Kung Fu Fighting,Carl Douglas,Carl Douglas Kung Fu Fighting song genre,Disco
Lady (Hear Me Tonight).mp3,Lady (Hear Me Tonight),Modjo,Modjo Lady (Hear Me Tonight) song genre,Dance; Disco
Lean On.mp3,Lean On,Major Lazer/Mø/Dj Snake,Major Lazer/Mø/Dj Snake Lean On song genre,EDM
LeAnn Rimes - Cant Fight The Moonlight.mp3,Cant Fight The Moonlight,Leann Rimes,Leann Rimes Cant Fight The Moonlight song genre,Pop; Country
Leave Me Lonely.mp3,Leave Me Lonely,Hilltop Hoods,Hilltop Hoods Leave Me Lonely song genre,Hip-hop
Let It Be.mp3,Let It Be,The Beatles,The Beatles Let It Be song genre,Rock
Let's Get It Started (Spike Mix).mp3,Let's Get It Started,Black Eyed Peas,Black Eyed Peas Let's Get It Started song genre,Hip-hop
Levitating.mp3,Levitating,Dua Lipa/Dababy,Dua Lipa/Dababy Levitating song genre,Disco; Pop; Funk
Like a Prayer.mp3,Like A Prayer,Madonna,Madonna Like A Prayer song genre,Pop
Lil Boo Thang.mp3,Lil Boo Thang,Paul Russell,Paul Russell Lil Boo Thang song genre,Pop
Lil Nas X - Old Town Road ft. Billy Ray Cyrus.mp3,Old Town Road,Lil Nas X/Billy Ray Cyrus,Lil Nas X/Billy Ray Cyrus Old Town Road song genre,Country; Hip-Hop
Lionel Richie - All Night Long (All Night).mp3,All Night Long (All Night),Lionel Richie,Lionel Richie All Night Long (All Night) song genre,Reggae; Dance
Little Red Corvette.mp3,Little Red Corvette,Prince,Prince Little Red Corvette song genre,Pop; Disco; Funk
LMFAO - Sexy and I Know It.mp3,Sexy And I Know It,Lmfao,Lmfao Sexy And I Know It song genre,Dance
Lonestar - Amazed.mp3,Amazed,Lonestar,Lonestar Amazed song genre,Country
Lose Control.mp3,Lose Control,Teddy Swims,Teddy Swims Lose Control song genre,Rock
Lou Bega - Mambo No 5.mp3,Mambo No 5,Lou Bega,Lou Bega Mambo No 5 song genre,Pop
Love It When You Call.mp3,Love It When You Call,The Feeling,The Feeling Love It When You Call song genre,Pop
Love Machine.mp3,Love Machine,Girls Aloud,Girls Aloud Love Machine song genre,Pop
Love Story.mp3,Love Story,Taylor Swift,Taylor Swift Love Story song genre,Pop
Lovefool.mp3,Lovefool,The Cardigansl,The Cardigansl Lovefool song genre,Indie 
Lover (Remix).mp3,Lover,Taylor Swift,Taylor Swift Lover song genre,Country; Pop
Macarena like it's hot - Los del Rio Vs Snoop Dogg.mp3,Macarena Like It's Hot,Los Del Rio/Snoop Dogg,Los Del Rio/Snoop Dogg Macarena Like It's Hot song genre,Dance; EDM
Majestic x Boney M. - Rasputin.mp3,Rasputin,Majestic X/Boney M.,Majestic X/Boney M. Rasputin song genre,Disco
Maneater.mp3,Maneater,Daryl Hall/John Oates,Daryl Hall/John Oates Maneater song genre,Rock
Maroon 5 - Moves Like Jagger ft. Christina Aguilera.mp3,Moves Like Jagger,Maroon 5/Christina Aguilera,Maroon 5/Christina Aguilera Moves Like Jagger song genre,Disco; Dance; Pop
Marry You.mp3,Marry You,Bruno Mars,Bruno Mars Marry You song genre,Pop; R&B
Memories.mp3,Memories,Maroon 5,Maroon 5 Memories song genre,Reggae; Pop
Men In Black.mp3,Men In Black,Will Smith,Will Smith Men In Black song genre,Hip-Hop; EDM
Michael Caine.mp3,Michael Caine,Madness,Madness Michael Caine song genre,Ska; Pop
Mickey.mp3,Mickey,Lolly,Lolly Mickey song genre,Pop
Mood.mp3,Mood,24kGoldn/Iann Dior,24kGoldn/Iann Dior Mood song genre,Hip-Hop
Mr C The Slide Man - Cha-Cha Slide.mp3,Cha-Cha Slide,Mr C The Slide Man,Mr C The Slide Man Cha-Cha Slide song genre,Dance
Mr. Brightside.mp3,Mr. Brightside,The Killers,The Killers Mr. Brightside song genre,Alternative Rock
My Generation.mp3,My Generation,The Who,The Who My Generation song genre,Rock; Punk
My Girl.mp3,My Girl,Madness,Madness My Girl song genre,Ska; Pop
My House.mp3,My House,Flo Rida,Flo Rida My House song genre,Hip-Hop; Dance
My Life Would Suck Without You.mp3,My Life Would Suck Without You,Kelly Clarkson,Kelly Clarkson My Life Would Suck Without You song genre,Pop
Mysterious Girl.mp3,Mysterious Girl,Peter Andre,Peter Andre Mysterious Girl song genre,Reggae; Pop
Naive.mp3,Naive,The Kooks,The Kooks Naive song genre,Indie; Rock
Nice To Meet You.mp3,Nice To Meet You,Myles Smith,Myles Smith Nice To Meet You song genre,Folk; Pop
Nickelback - Rockstar.mp3,Rockstar,Nickelback,Nickelback Rockstar song genre,Country; Rock
Night Changes.mp3,Night Changes,One Direction,One Direction Night Changes song genre,Pop
No Limit.mp3,No Limit,2 Unlimited,2 Unlimited No Limit song genre,Dance; EDM
Nothing's Gonna Stop Us Now.mp3,Nothing'S Gonna Stop Us Now,Starship,Starship Nothing'S Gonna Stop Us Now song genre,Rock
Oasis - Champagne Supernova.mp3,Champagne Supernova,Oasis,Oasis Champagne Supernova song genre,Britpop; Rock
Oh My God.mp3,Oh My God,Mark Ronson,Mark Ronson Oh My God song genre,Indie; Pop
OMG.mp3,Omg,Usher,Usher Omg song genre,Dance; R&B
On The Floor - Jennifer Lopez.mp3,On The Floor,Jennifer Lopez/Pitbull,Jennifer Lopez/Pitbull On The Floor song genre,Dance
One Kiss.mp3,One Kiss,Calvin Harris,Calvin Harris One Kiss song genre,Dance
Ooh Aah... Just a Little Bit.mp3,Ooh Aah... Just A Little Bit,Gina G,Gina G Ooh Aah... Just A Little Bit song genre,Dance; Pop
OutKast - Hey Ya!.mp3,Hey Ya!,Outkast,Outkast Hey Ya! song genre,Pop
Paradise by the Dashboard Light.mp3,Paradise By The Dashboard Light,Meat Loaf,Meat Loaf Paradise By The Dashboard Light song genre,Rock
Paradise City.mp3,Paradise City,Guns N' Roses,Guns N' Roses Paradise City song genre,Rock
Parklife.mp3,Parklife,Blur,Blur Parklife song genre,Britpop; Punk
Party In The U.S.A..mp3,Party In The U.S.A.,Miley Cyrus,Miley Cyrus Party In The U.S.A. song genre,Pop
Pharrell Williams - Happy (Video).mp3,Happy,Pharrell Williams,Pharrell Williams Happy song genre,Pop
Pink Pony Club.mp3,Pink Pony Club,Chappell Roan,Chappell Roan Pink Pony Club song genre,Pop; Disco
Place Your Hands.mp3,Place Your Hands,Reef Band,Reef Band Place Your Hands song genre,Indie
Poker Face.mp3,Poker Face,Lady Gaga,Lady Gaga Poker Face song genre,Pop; Dance
Portugal. The Man - Feel It Still.mp3,Feel It Still,Portugal. The Man,Portugal. The Man Feel It Still song genre,Pop; Funk; Alternative Rock
Pour Some Sugar On Me.mp3,Pour Some Sugar On Me,DEF LEPPARD,DEF LEPPARD Pour Some Sugar On Me song genre,Rock
Praise You.mp3,Praise You,Fatboy Slim,Fatboy Slim Praise You song genre,Pop
Princess of China.mp3,Princess Of China,Coldplay/Rihanna,Coldplay/Rihanna Princess Of China song genre,R&B; Pop
Proud Mary.mp3,Proud Mary,Tina Turner,Tina Turner Proud Mary song genre,Rock
Pure Morning.mp3,Pure Morning,PLACEBO,PLACEBO Pure Morning song genre,Alternative Rock; Britpop
R.E.M. - It's The End Of The World.mp3,It'S The End Of The World,R.E.M.,R.E.M. It'S The End Of The World song genre,Alternative Rock; Punk
Rather Be.mp3,Rather Be,Clean Bandit/Jess Glynne,Clean Bandit/Jess Glynne Rather Be song genre,EDM; Disco
Reet Petite.mp3,Reet Petite,Jackie Wilson,Jackie Wilson Reet Petite song genre,Pop
Return of the Mack.mp3,Return Of The Mack,Mark Morrison,Mark Morrison Return Of The Mack song genre,R&B
Rick Astley - Never Gonna Give You Up.mp3,Never Gonna Give You Up,Rick Astley,Rick Astley Never Gonna Give You Up song genre,Pop
Ricky Martin - Livin' La Vida Loca.mp3,Livin' La Vida Loca,Ricky Martin,Ricky Martin Livin' La Vida Loca song genre,Pop; Dance
Right Round.mp3,Right Round,Flo Rida,Flo Rida Right Round song genre,Hip-Hop; EDM
Riptide.mp3,Riptide,Vance Joy,Vance Joy Riptide song genre,Indie; Folk; Alternative Rock
Rock DJ.mp3,Rock Dj,Robbie Williams,Robbie Williams Rock Dj song genre,Dance; Pop
Roses (Imanbek Remix).mp3,Roses (Imanbek Remix),SAINt JHN,SAINt JHN Roses (Imanbek Remix) song genre,Hip-Hop
Roxanne.mp3,Roxanne,The Police,The Police Roxanne song genre,Reggae; Rock
Ruby.mp3,Ruby,Kaiser Chiefs,Kaiser Chiefs Ruby song genre,Pop; Indie; Rock
"RUN DMC, Jason Nevins - It's Like That.mp3",It's Like That,Run Dmc/Jason Nevins,Run Dmc/Jason Nevins It's Like That song genre,Hip-Hop
S Club 7 - Don't Stop Movin.mp3,Don't Stop Movin,S Club 7,S Club 7 Don't Stop Movin song genre,Pop
S Club 7 - Reach for the Stars.mp3,Reach for the Stars,S Club 7,S Club 7 Reach for the Stars song genre,Pop
Sandi Thom - I Wish I Was A Punk Rocker.mp3,I Wish I Was A Punk Rocker,Sandi Thom,Sandi Thom I Wish I Was A Punk Rocker song genre,Indie
Santana - Smooth.mp3,Smooth,Santana/Rob Thomas,Santana/Rob Thomas Smooth song genre,Rock
Scream & Shout.mp3,Scream & Shout,Will I Am/Britney Spears,Will I Am/Britney Spears Scream & Shout song genre,Dance; Pop
September.mp3,September,Earth Wind & Fire,Earth Wind & Fire September song genre,Disco; Funk; R&B
Seven Nation Army.mp3,Seven Nation Army,The White Stripes,The White Stripes Seven Nation Army song genre,Alternative Rock; Punk
Sex on Fire.mp3,Sex On Fire,Kings of Leon,Kings of Leon Sex On Fire song genre,Alternative Rock
Sexbomb.mp3,Sexbomb,Tom Jones/Mousse T,Tom Jones/Mousse T Sexbomb song genre,Pop
SexyBack.mp3,Sexyback,Justin Timberlake,Justin Timberlake Sexyback song genre,R&B; Hip-Hop; Disco
Señorita.mp3,Señorita,Shawn Mendes/Camilla Cabello,Shawn Mendes/Camilla Cabello Señorita song genre,Pop
Shake It Off.mp3,Shake It Off,Taylor Swift,Taylor Swift Shake It Off song genre,Dance; Pop
Shake That.mp3,Shake That,Eminem,Eminem Shake That song genre,Hip-Hop
"Shakira - Whenever, Wherever.mp3","Whenever, Wherever",Shakira,"Shakira Whenever, Wherever song genre",Pop
Sham Rock-Tell Me Ma.mp3,Tell Me Ma,Sham Rock,Sham Rock Tell Me Ma song genre,Folk
Shania Twain - Man! I Feel Like A Woman!.mp3,Man! I Feel Like A Woman!,Shania Twain,Shania Twain Man! I Feel Like A Woman! song genre,Country; Rock
Shape of You.mp3,Shape Of You,Ed Sheeran,Ed Sheeran Shape Of You song genre,Pop
She Moves In Her Own Way.mp3,She Moves In Her Own Way,The Kooks,The Kooks She Moves In Her Own Way song genre,Britpop
She's Electric.mp3,She's Electric,Oasis,Oasis She's Electric song genre,Britpop; Folk; Rock
Shining Light.mp3,Shining Light,Ash,Ash Shining Light song genre,Pop
Shivers.mp3,Shivers,Ed Sheeran,Ed Sheeran Shivers song genre,Dance; Pop
Shoop.mp3,Shoop,Salt-N-Pepa,Salt-N-Pepa Shoop song genre,Hip-Hop
Shotgun.mp3,Shotgun,George Ezra,George Ezra Shotgun song genre,Pop; Rock
Show Me Love.mp3,Show Me Love,Wiz The Mc/Bees and Honey,Wiz The Mc/Bees and Honey Show Me Love song genre,Pop; R&B
Single Ladies (Put a Ring on It).mp3,Single Ladies (Put A Ring On It),Beyoncé,Beyoncé Single Ladies (Put A Ring On It) song genre,Dance; R&B
Sit Down.mp3,Sit Down,James,James Sit Down song genre,Indie; Dance; Britpop
Smash Mouth - Walkin' On The Sun.mp3,Walkin' On The Sun,Smash Mouth,Smash Mouth Walkin' On The Sun song genre,Alternative Rock
Smells Like Teen Spirit.mp3,Smells Like Teen Spirit,Nirvana,Nirvana Smells Like Teen Spirit song genre,Alternative Rock
Smooth Criminal.mp3,Smooth Criminal,Alien Ant Farm Channel,Alien Ant Farm Channel Smooth Criminal song genre,Pop; Dance; R&B
Somebody Told Me.mp3,Somebody Told Me,The Killers,The Killers Somebody Told Me song genre,Alternative Rock
Something Just Like This.mp3,Something Just Like This,The Chainsmokers,The Chainsmokers Something Just Like This song genre,EDM; Pop
Song 2.mp3,Song 2,Blur,Blur Song 2 song genre,Alternative Rock; Indie; Punk
Sophie Ellis Bextor - Murder On The Dancefloor.mp3,Murder On The Dancefloor,Sophie Ellis Bextor,Sophie Ellis Bextor Murder On The Dancefloor song genre,Disco; Indie
Stargazing.mp3,Stargazing,Myles Smith,Myles Smith Stargazing song genre,Folk; Pop
Starships.mp3,Starships,Nicki Minaj,Nicki Minaj Starships song genre,Dance; Hip-Hop
Staying Out For The Summer.mp3,Staying Out For The Summer,Dodgy,Dodgy Staying Out For The Summer song genre,Indie
Stereo Love.mp3,Stereo Love,Edward Maya,Edward Maya Stereo Love song genre,Dance
Stop.mp3,Stop,Spice Girls,Spice Girls Stop song genre,Dance; Pop
Stuck In The Middle With You.mp3,Stuck In The Middle With You,Stealers Wheel,Stealers Wheel Stuck In The Middle With You song genre,Folk; Rock
Sucker.mp3,Sucker,Jonas Brothers,Jonas Brothers Sucker song genre,Rock; Pop
Sugar.mp3,Sugar,Maroon 5,Maroon 5 Sugar song genre,Disco; Funk
Summer of 69.mp3,Summer Of 69,Bryan Adams,Bryan Adams Summer Of 69 song genre,Rock; Pop
Summer.mp3,Summer,Calvin Harris,Calvin Harris Summer song genre,EDM; Dance
Sunflower.mp3,Sunflower,Post Malone/Swae Lee,Post Malone/Swae Lee Sunflower song genre,Hip-Hop; R&B
Supermassive Black Hole.mp3,Supermassive Black Hole,Muse,Muse Supermassive Black Hole song genre,Alternative Rock; Dance; Funk
Superstition.mp3,Superstition,Stevie Wonder,Stevie Wonder Superstition song genre,Funk; Rock
Sweet Caroline.mp3,Sweet Caroline,Neil Diamond,Neil Diamond Sweet Caroline song genre,Rock
Sweet Child O' Mine.mp3,Sweet Child O' Mine,Guns N' Roses,Guns N' Roses Sweet Child O' Mine song genre,Rock
Sweet Like Chocolate.mp3,Sweet Like Chocolate,Shanks & Bigfoot,Shanks & Bigfoot Sweet Like Chocolate song genre,EDM; Dance
Take Me Out.mp3,Take Me Out,Franz Ferdinand,Franz Ferdinand Take Me Out song genre,Punk; Indie; Britpop
Take That - Rule The World.mp3,Rule The World,Take That,Take That Rule The World song genre,Rock; Pop
Tattoo.mp3,Tattoo,Loreen,Loreen Tattoo song genre,Pop
Teenage Dirtbag.mp3,Teenage Dirtbag,Wheatus,Wheatus Teenage Dirtbag song genre,Pop; Rock; Punk
That Don't Impress Me Much.mp3,That Don'T Impress Me Much,Shania Twain,Shania Twain That Don'T Impress Me Much song genre,Country; Pop
The B-52's - Love Shack.mp3,Love Shack,The B-52'S,The B-52'S Love Shack song genre,Pop; Funk
The Best.mp3,The Best,Tina Turner,Tina Turner The Best song genre,Rock; Pop
The Day We Caught The Train.mp3,The Day We Caught The Train,Ocean Colour Scene,Ocean Colour Scene The Day We Caught The Train song genre,Britpop; Alternative Rock
The Door.mp3,The Door,Teddy Swims,Teddy Swims The Door song genre,Pop; R&B
The Living Years.mp3,The Living Years,Mike + The Mechanics,Mike + The Mechanics The Living Years song genre,Rock
The Offspring - Pretty Fly (For A White Guy).mp3,Pretty Fly (For A White Guy),The Offspring,The Offspring Pretty Fly (For A White Guy) song genre,Punk; Alternative Rock
The Only One I Know.mp3,The Only One I Know,The Charlatans,The Charlatans The Only One I Know song genre,Britpop
The Riverboat Song.mp3,The Riverboat Song,Ocean Colour Scene,Ocean Colour Scene The Riverboat Song song genre,Indie
The Size Of A Cow.mp3,The Size Of A Cow,The Wonder Stuff,The Wonder Stuff The Size Of A Cow song genre,Indie
The Spirit Of Radio.mp3,The Spirit Of Radio,Rush,Rush The Spirit Of Radio song genre,Alternative Rock
The Tamperer Feat. Maya - Feel It.mp3,Feel It,The Tamperer/Maya,The Tamperer/Maya Feel It song genre,Dance; EDM
There's Nothing Holdin' Me Back.mp3,There'S Nothing Holdin' Me Back,Shawn Mendes,Shawn Mendes There'S Nothing Holdin' Me Back song genre,Pop; Folk
This Is What You Came For.mp3,This Is What You Came For,Calvin Harris,Calvin Harris This Is What You Came For song genre,EDM; Dance
Thunderstruck.mp3,Thunderstruck,AC/DC,AC/DC Thunderstruck song genre,Rock
Timber - Pitbull ft. Ke$ha.mp3,Timber,Pitbull/Ke$Ha,Pitbull/Ke$Ha Timber song genre,Dance; EDM
Time After Time.mp3,Time After Time,Cyndi Lauper,Cyndi Lauper Time After Time song genre,Pop
Titanium (feat. Sia).mp3,Titanium,David Guetta/Sia,David Guetta/Sia Titanium song genre,Dance; Pop
Tom Sawyer.mp3,Tom Sawyer,Rush,Rush Tom Sawyer song genre,Alternative Rock
TONES AND I - DANCE MONKEY.mp3,Dance Monkey,Tones And I,Tones And I Dance Monkey song genre,Pop
Tony Christie - (Is This The Way To) Amarillo.mp3,(Is This The Way To) Amarillo,Tony Christie,Tony Christie (Is This The Way To) Amarillo song genre,Pop
Toploader - Dancing in the Moonlight.mp3,Dancing In The Moonlight,Toploader,Toploader Dancing In The Moonlight song genre,Pop; R&B
Torn.mp3,Torn,Natalie Imbruglia,Natalie Imbruglia Torn song genre,Pop
Town Called Malice.mp3,Town Called Malice,The Jam,The Jam Town Called Malice song genre,Punk; Rock
Tubthumping.mp3,Tubthumping,Chumbawamba,Chumbawamba Tubthumping song genre,Dance; Alternative Rock; Punk
U Can't Touch This.mp3,U Can'T Touch This,MC HAMMER,MC HAMMER U Can'T Touch This song genre,Hip-Hop; Pop
Underdog.mp3,Underdog,Kasabian,Kasabian Underdog song genre,Indie; Britpop
Until I Found You.mp3,Until I Found You,Stephen Sanchez,Stephen Sanchez Until I Found You song genre,Pop
Unwritten.mp3,Unwritten,Natasha Bedingfield,Natasha Bedingfield Unwritten song genre,Pop; R&B
Uprising.mp3,Uprising,Muse,Muse Uprising song genre,Alternative Rock
Upside Down (Original CHIC Mix).mp3,Upside Down,Diana Ross,Diana Ross Upside Down song genre,Disco; R&B; Funk
Uptown Funk.mp3,Uptown Funk,Mark Ronson,Mark Ronson Uptown Funk song genre,Funk; Pop; Disco
Uptown Girl Westlife.mp3,Uptown Girl,Westlife,Westlife Uptown Girl song genre,Pop
Viva La Vida.mp3,Viva La Vida,Coldplay,Coldplay Viva La Vida song genre,Pop
Waiting For Love.mp3,Waiting For Love,Avicii,Avicii Waiting For Love song genre,Dance
Wake Me Up.mp3,Wake Me Up,Avicii,Avicii Wake Me Up song genre,Folk; Country; EDM
Walk Like an Egyptian.mp3,Walk Like An Egyptian,The Bangles,The Bangles Walk Like An Egyptian song genre,Pop
Wannabe.mp3,Wannabe,Spice Girls,Spice Girls Wannabe song genre,Pop
We Are Young.mp3,We Are Young,Fun./Janelle Monáe,Fun./Janelle Monáe We Are Young song genre,Indie; Rock
We Built This City.mp3,We Built This City,Starship,Starship We Built This City song genre,Dance
We Could Be Together.mp3,We Could Be Together,Gabry Ponte,Gabry Ponte We Could Be Together song genre,Dance; EDM
We Found Love.mp3,We Found Love,Rihanna/Calvin Harris,Rihanna/Calvin Harris We Found Love song genre,EDM
We Will Rock You.mp3,We Will Rock You,Queen,Queen We Will Rock You song genre,Rock
What I Go To School For.mp3,What I Go To School For,Busted,Busted What I Go To School For song genre,Rock; Indie
What Is Love.mp3,What Is Love,Haddaway,Haddaway What Is Love song genre,Dance
What Makes You Beautiful.mp3,What Makes You Beautiful,One Direction,One Direction What Makes You Beautiful song genre,Pop
When Love Takes Over.mp3,When Love Takes Over,David Guetta/Kelly Rowland,David Guetta/Kelly Rowland When Love Takes Over song genre,Dance
Where Are You Now.mp3,Where Are You Now,Lost Frequencies,Lost Frequencies Where Are You Now song genre,EDM
Whigfield - Saturday Night.mp3,Saturday Night,Whigfield,Whigfield Saturday Night song genre,Dance
Why I Love You So.mp3,Why I Love You So,Alok,Alok Why I Love You So song genre,Dance; EDM
With Or Without You.mp3,With Or Without You,U2,U2 With Or Without You song genre,Rock
Without Me.mp3,Without Me,Eminem,Eminem Without Me song genre,Hip-Hop
Wrapped Up.mp3,Wrapped Up,Olly Murs,Olly Murs Wrapped Up song genre,Pop; Folk
Wrecking Ball.mp3,Wrecking Ball,Miley Cyrus,Miley Cyrus Wrecking Ball song genre,Pop
Year 3000.mp3,Year 3000,Busted,Busted Year 3000 song genre,Pop; Rock; Punk
You Can Call Me Al.mp3,You Can Call Me Al,Paul Simon,Paul Simon You Can Call Me Al song genre,Pop
You Can't Hurry Love.mp3,You Can'T Hurry Love,The Supremes,The Supremes You Can'T Hurry Love song genre,Pop; R&B
You Give Love A Bad Name.mp3,You Give Love A Bad Name,Bon Jovi,Bon Jovi You Give Love A Bad Name song genre,Rock
You're So Vain.mp3,You'Re So Vain,Carly Simon,Carly Simon You'Re So Vain song genre,Pop
Zombie.mp3,Zombie,The Cranberries,The Cranberries Zombie song genre,Alternative Rock
[I Just] Died In Your Arms.mp3,[I Just] Died In Your Arms,Cutting Crew Music,Cutting Crew Music [I Just] Died In Your Arms song genre,Rock; Pop
[I've Had] The Time Of My Life.mp3,[I've Had] The Time Of My Life,Bill Medley,Bill Medley [I've Had] The Time Of My Life song genre,Rock
[Your Love Keeps Lifting Me] Higher & Higher.mp3,[Your Love Keeps Lifting Me] Higher & Higher,Jackie Wilson - Topic,Jackie Wilson - Topic [Your Love Keeps Lifting Me] Higher & Higher song genre,R&B
