Question,Number of Uses
Take A Picture Of Someone Drinking Coffee,5
Take A Picture Of Someone Eating Wedding Cake,5
Take A Picture Of A Group Of Five People,10
Take A Picture Of A Group Of Three People,10
Take A Picture With The Welcome Sign,5
Take A Picture In The Wedding Breakfast Room,5
Take A Picture Of Everyone At Your Table,10
Take A Picture Of Everyone At Your Table With The Bride Or Groom,10
Take A Picture Of Someone Wearing Glasses,5
Take A Picture Of Someone With A Beard,5
Take A Picture In Front Of The Green House,10
Take A Picture In Front Of The Green Hut,5
Take A Picture Of The First Dance,10
Take A Picture From Evening Reception,10
Take A Picture Of Someone Posing Like A Superhero,5
Take A Picture Of Someone Who Has Children,5
"Take A Picture Of The Best Dressed Person (In Your Opinion, Not Nicki Or Tony)",10
Take A Picture Of A Table Centre Piece,5
Take A Picture Of The Head Table,5
Take A Picture Of Someone Doing A Speech,10
Take A Picture With A Member Of D&D Crew,15
Take A Picture With Uncle Graham,19
Take A Picture With Someone Nicki Works With,15
Take A Picture The Bride,30
Take A Picture The Groom,30
Take A Picture A Selfie With The Wedding Arch,10
Take A Picture Of The Bride And Groom Together,20
Take A Picture Someone Next To A Christmas Tree,10
Take A Picture Of Any Of Tonyâ€™s Hidden Decorations,15
Take A Picture Of Someone With The Cake,10
Take A Picture With A Bridesmaid,15
Take A Picture With A Grooms Men,15
Take A Picture Of Someone Wearing Purple,10
Take A Picture Of Someone Wearing Green,10
Take A Picture Of Someone Wearing Blue,10
Take A Picture Of Yourself With Someone You Don't Know,20
Take A Picture Of Yourself With A Member Of Staff (Ask First),5
Take A Picture With A Guest From Table 1,2
Take A Picture With A Guest From Table 2,2
Take A Picture With A Guest From Table 3,2
Take A Picture With A Guest From Table 4,2
Take A Picture With A Guest From Table 5,2
Take A Picture With A Guest From Table 6,2
Take A Picture Of Someone Nicki Went To School With,10
Take A Picture With Someone Tony Works With,10
Take A Picture With Someone Wearing A Hat Or Fascinator,10
Take A Picture With Someone From The Boxing Day Crew,15
Take A Picture With Someone Staying In The Hotel,5
Take A Picture With Someone Drinking A Shot,10
